,manufacturer,ram,memory,screen_size,power,front_camera,price,rc1,rc2,rc3,rc4
0,Samsung,4,64,6.5,5000.0,8,2999,48,2,2,2
1,Samsung,4,128,6.5,5000.0,8,3249,48,2,2,2
2,Oppo,4,64,6.52,4230.0,8,2749,13,2,2,0
3,Oppo,8,128,6.4,4310.0,32,4655,48,8,2,2
4,Oppo,4,128,6.43,5000.0,16,3984,48,2,0,0
5,Samsung,8,128,6.7,5000.0,32,5349,64,13,5,0
6,Xiaomi,3,64,6.53,5000.0,5,2692,13,0,0,0
7,Reeder,3,16,6.08,4080.0,5,1349,8,0,0,0
8,Reeder,4,64,6.26,3800.0,5,1598,8,0,0,0
9,iPhone,4,128,6.1,3110.0,12,12199,12,12,0,0
10,Samsung,6,128,6.5,4500.0,32,6849,12,12,8,0
11,Poco,8,256,6.67,5160.0,20,5999,48,8,2,2
12,Poco,6,128,6.67,5160.0,20,5671,48,8,2,2
13,Samsung,6,128,6.4,5000.0,20,4663,64,8,2,2
14,iPhone,4,64,6.1,3110.0,12,11199,12,12,0,0
15,HTC,6,128,6.5,5000.0,25,3099,48,8,2,2
16,Samsung,8,128,6.2,4000.0,10,9114,12,76,0,0
17,iPhone,4,64,6.1,2815.0,12,15961,12,12,0,0
18,iPhone,4,128,6.1,3095.0,12,17817,12,12,0,0
19,iPhone,3,64,4.7,1821.0,7,7600,12,0,0,0
20,iPhone,4,64,5.4,2227.0,12,14993,12,12,0,0
21,Samsung,8,128,6.5,4500.0,32,5799,64,12,5,5
22,Realme,2,32,6.5,5000.0,5,2059,8,0,0,0
23,Reeder,6,128,6.5,5380.0,8,2249,13,0,0,0
24,Samsung,4,64,6.5,5000.0,8,2999,48,2,2,2
25,Samsung,4,128,6.5,5000.0,8,3249,48,2,2,2
26,Oppo,4,64,6.52,4230.0,8,2749,13,2,2,0
27,Oppo,8,128,6.4,4310.0,32,4655,48,8,2,2
28,Oppo,4,128,6.43,5000.0,16,3984,48,2,0,0
29,Samsung,8,128,6.7,5000.0,32,5349,64,13,5,0
30,Xiaomi,3,64,6.53,5000.0,5,2692,13,0,0,0
31,Reeder,3,16,6.08,4080.0,5,1349,8,0,0,0
32,Reeder,4,64,6.26,3800.0,5,1598,8,0,0,0
33,iPhone,4,128,6.1,3110.0,12,12199,12,12,0,0
34,Samsung,6,128,6.5,4500.0,32,6849,12,12,8,0
35,Poco,8,256,6.67,5160.0,20,5999,48,8,2,2
36,Poco,6,128,6.67,5160.0,20,5671,48,8,2,2
37,Samsung,6,128,6.4,5000.0,20,4663,64,8,2,2
38,iPhone,4,64,6.1,3110.0,12,11199,12,12,0,0
39,HTC,6,128,6.5,5000.0,25,3099,48,8,2,2
40,Samsung,8,128,6.2,4000.0,10,9114,12,76,0,0
41,iPhone,4,64,6.1,2815.0,12,15961,12,12,0,0
42,iPhone,4,128,6.1,3095.0,12,17817,12,12,0,0
43,iPhone,3,64,4.7,1821.0,7,7600,12,0,0,0
44,iPhone,4,64,5.4,2227.0,12,14993,12,12,0,0
45,Samsung,8,128,6.5,4500.0,32,5799,64,12,5,5
46,Realme,2,32,6.5,5000.0,5,2059,8,0,0,0
47,Reeder,6,128,6.5,5380.0,8,2249,13,0,0,0
48,iPhone,4,256,5.4,2227.0,12,17345,12,12,0,0
49,Reeder,4,128,6.5,4900.0,5,2099,13,0,0,0
50,TCL,2,32,5.5,3000.0,5,1292,8,0,0,0
51,Xiaomi,6,128,6.43,5000.0,13,5134,64,8,2,2
52,Oppo,4,64,6.52,5000.0,8,3045,13,0,0,0
53,Xiaomi,8,128,6.67,5160.0,16,7097,108,8,2,2
54,Samsung,6,128,6.4,5000.0,32,4544,64,8,5,5
55,Oppo,4,128,6.5,5000.0,16,3347,13,2,2,0
56,General,4,64,6.53,5050.0,8,2469,8,2,2,0
57,Xiaomi,8,128,6.67,5020.0,16,6438,108,8,5,2
58,Samsung,8,256,6.9,4500.0,10,13082,108,12,12,0
59,Samsung,8,128,6.7,4800.0,10,10999,12,76,0,0
61,Realme,4,128,6.5,6000.0,8,3048,48,0,0,0
62,iPhone,6,128,6.1,3095.0,12,23990,12,12,12,0
63,Xiaomi,4,128,6.5,5000.0,8,4181,50,8,2,2
64,Xiaomi,4,128,6.53,6000.0,8,3964,48,8,2,0
65,Xiaomi,2,32,6.53,5000.0,5,2425,13,0,0,0
66,iPhone,3,128,4.7,1821.0,7,7899,12,0,0,0
67,Oppo,4,64,6.5,5000.0,16,3444,48,0,0,0
68,Samsung,8,128,6.5,5000.0,32,7382,64,12,5,5
69,Samsung,8,128,6.4,4500.0,32,9221,12,12,8,0
70,Xiaomi,4,128,6.53,5000.0,5,3351,13,2,2,0
71,General,6,128,6.67,5000.0,16,3498,48,5,2,2
72,Samsung,8,256,6.5,4500.0,32,8134,12,12,8,0
73,iPhone,4,256,6.1,3095.0,12,18799,12,12,0,0
75,Samsung,3,32,6.5,5000.0,5,2783,13,2,2,0
76,Samsung,4,128,6.6,5000.0,8,4280,50,2,2,0
77,Samsung,4,64,6.4,5000.0,13,3871,48,8,2,2
79,Samsung,8,256,6.7,4300.0,10,9494,64,12,12,0
80,Samsung,4,128,6.4,5000.0,13,4113,48,8,2,2
81,Realme,4,64,6.5,5000.0,5,2694,13,2,2,0
82,Samsung,8,128,6.5,4500.0,32,6634,64,12,5,5
83,Xiaomi,4,64,6.53,6000.0,8,3508,48,8,2,0
84,Samsung,8,128,6.7,5000.0,32,6850,64,12,5,5
85,General,3,32,6.52,5000.0,8,2009,8,0,0,0
86,Reeder,4,64,6.5,3950.0,5,1917,8,0,0,0
88,Samsung,4,64,6.4,6000.0,20,4122,48,8,5,0
89,Samsung,3,32,6.5,5000.0,5,2498,13,0,0,0
90,Samsung,8,256,6.4,4500.0,32,9899,12,12,8,0
91,Samsung,8,128,6.1,3700.0,10,13220,50,10,12,0
92,Samsung,1,16,5.3,3000.0,5,2107,8,0,0,0
93,Oppo,3,32,6.5,5000.0,13,2703,13,2,2,0
94,Xiaomi,8,256,6.67,5000.0,16,9456,108,8,5,2
95,Reeder,2,32,6.22,3800.0,5,1596,8,0,0,0
96,Samsung,12,512,6.8,5000.0,40,24206,108,10,12,10
97,Casper,3,32,6.09,4000.0,8,1847,13,5,0,0
99,Poco,8,256,6.5,5000.0,16,8228,108,8,2,0
100,Xiaomi,6,128,6.67,5160.0,16,6849,108,8,2,2
101,Samsung,8,256,6.7,4800.0,10,11999,12,76,0,0
102,Xiaomi,6,64,6.43,5000.0,13,4782,64,8,2,2
103,TECNO,4,64,6.5,6000.0,8,2424,52,0,0,0
104,iPhone,6,128,6.7,4325.0,12,27299,12,12,12,0
105,Samsung,4,64,6.5,5000.0,8,3576,8,0,0,0
106,Samsung,4,64,6.6,5000.0,8,3917,50,2,2,0
107,Reeder,4,64,6.26,3800.0,5,1911,8,0,0,0
108,iPhone,4,128,5.4,2406.0,12,16366,12,12,0,0
109,Casper,6,128,6.53,4510.0,25,3400,48,8,2,2
110,Realme,4,64,6.5,5000.0,5,2675,13,2,2,0
111,Xiaomi,4,64,6.53,5020.0,8,3350,13,8,0,0
112,Reeder,2,16,6.2,4200.0,5,1518,13,0,0,0
113,Oppo,2,32,6.52,4230.0,5,2597,13,0,0,0
114,Oneplus,6,128,6.5,4300.0,16,5037,64,8,2,2
115,Samsung,6,128,6.5,5000.0,13,5919,48,8,5,2
116,İnfinix,3,64,6.6,5000.0,8,1999,13,0,0,0
117,General,8,128,6.7,5000.0,16,4581,108,5,12,2
118,iPhone,4,256,6.1,2815.0,12,17737,12,12,0,0
119,General,3,32,6.52,5000.0,8,2268,13,0,0,0
120,iPhone,4,128,6.1,2815.0,12,16954,12,12,0,0
122,Xiaomi,6,128,6.67,5020.0,16,6517,108,8,5,2
123,Huawei,8,128,6.78,4000.0,16,6399,108,8,2,2
125,Casper,4,64,6.52,5000.0,8,2352,16,5,2,0
126,Samsung,4,128,6.6,5000.0,8,4165,50,2,2,0
127,Samsung,4,64,6.5,5000.0,13,3959,48,8,2,2
129,Xiaomi,4,128,6.5,5000.0,8,4792,48,2,2,2
130,Yeni,4,64,4.7,1821.0,7,10171,12,0,0,0
131,TECNO,4,64,6.52,5000.0,8,2184,13,0,0,0
132,POCO,6,128,6.67,5160.0,20,5487,64,13,5,2
133,Samsung,4,128,6.5,5000.0,8,4115,8,0,0,0
134,Poco,8,256,6.6,5000.0,16,6271,64,8,2,0
135,Realme,3,32,6.5,5000.0,5,2449,13,2,2,0
136,Xiaomi,6,128,6.43,5000.0,16,6063,108,8,2,2
137,Samsung,6,128,6.6,5000.0,8,11800,50,5,2,2
138,Samsung,2,32,6.4,4000.0,8,2807,13,5,0,0
139,Reeder,6,256,6.5,5380.0,5,2744,13,0,0,0
141,LG,3,32,6.55,4000.0,8,2449,13,0,0,0
142,Samsung,6,128,6.5,6000.0,32,5534,64,12,5,5
143,Xiaomi,12,256,6.67,5000.0,16,13965,108,8,5,2
144,Huawei,4,128,6.67,5000.0,8,3969,48,8,2,2
145,iPhone,6,256,6.7,4325.0,12,29743,12,12,12,0
146,Elephone,4,128,6.53,3300.0,16,2145,48,16,2,0
147,Elephone,4,128,6.5,4000.0,13,2380,48,13,8,2
148,Samsung,2,16,5.7,3000.0,5,2548,15,0,0,0
149,Oukitel,4,64,6.4,4000.0,20,2195,20,0,0,0
150,Vestel,1,8,5.0,2350.0,5,1127,8,0,0,0
151,Vestel,3,32,6.1,3400.0,8,1958,15,0,0,0
152,Vivo,3,32,6.51,5000.0,8,2399,15,0,0,0
153,General,6,128,6.67,5000.0,16,3528,48,0,0,0
154,Yeni,4,128,4.7,1821.0,7,11357,12,0,0,0
155,Doogee,2,16,6.52,4350.0,5,1351,5,2,2,0
157,iPhone,3,128,6.1,2942.0,7,11199,12,0,0,0
158,Samsung,6,128,6.5,4500.0,32,7251,12,0,0,0
159,General,3,32,6.52,5000.0,8,2131,8,0,0,0
160,General,4,128,6.7,6000.0,8,3287,48,5,2,2
161,Tecno,4,64,6.52,5000.0,8,2223,10,0,0,0
162,Reeder,4,64,6.0,4080.0,5,2213,8,0,0,0
163,TCL,4,64,6.8,5000.0,8,2891,16,5,2,0
165,Samsung,12,256,6.8,5000.0,40,23999,108,10,12,10
166,Xiaomi,6,128,6.57,4160.0,16,5536,48,8,2,2
168,Omix,6,128,6.67,5000.0,16,3748,48,5,2,2
169,Reeder,2,32,6.26,3800.0,5,1625,5,0,0,0
171,Huawei,6,128,6.4,4200.0,16,5379,48,8,2,2
172,TECNO,6,128,6.8,5000.0,16,3331,16,2,2,0
173,Samsung,4,64,6.5,5000.0,5,3185,5,2,2,0
174,Xiaomi,6,128,6.55,4250.0,16,7710,64,8,5,2
175,Samsung,3,32,6.5,5000.0,5,2891,5,0,0,0
176,Elephone,4,64,6.5,4000.0,13,1900,48,13,8,2
177,Omix,4,128,6.67,5000.0,16,3443,48,5,2,2
178,Poco,8,128,6.67,5000.0,16,6776,64,8,2,2
179,Samsung,8,128,6.7,3300.0,10,12745,12,12,0,0
180,Realme,8,256,6.43,4300.0,32,7999,64,8,2,0
181,Xiaomi,8,256,6.55,4250.0,20,8329,64,8,5,2
182,Alcatel,3,32,6.22,4000.0,5,1781,13,2,5,0
183,İnfinix,4,64,6.8,5000.0,8,2868,48,2,0,0
184,Samsung,8,128,6.8,5000.0,40,21364,108,10,12,10
185,iPhone,6,256,6.1,3095.0,12,25999,12,12,12,0
186,General,1,16,5.5,3500.0,5,1415,13,0,0,0
187,Casper,3,64,6.52,5000.0,8,2371,13,2,5,0
188,Huawei,8,128,6.57,4300.0,32,8967,50,8,2,2
189,Xiaomi,4,64,6.47,5000.0,13,4650,48,8,2,2
190,Samsung,8,128,6.6,4500.0,10,18598,50,10,12,0
191,Huawei,6,128,6.67,4300.0,16,5243,64,8,2,2
192,Huawei,6,128,6.67,4300.0,16,5243,64,8,2,2
193,TECNO,4,128,6.6,5000.0,8,3200,48,0,0,0
195,vivo,4,64,6.5,5000.0,8,2577,8,2,2,0
196,Realme,4,64,6.5,6000.0,8,3199,48,2,0,0
197,Xiaomi,2,32,6.53,5000.0,5,2488,13,5,0,0
199,Huawei,2,32,5.45,3020.0,5,2342,8,0,0,0
200,Samsung,12,256,6.8,5000.0,40,18325,108,12,10,10
201,General,3,32,5.7,3075.0,13,1852,13,0,0,0
202,Tecno,4,64,6.52,5000.0,8,2156,13,0,0,0
203,TECNO,6,128,6.8,6000.0,8,3478,15,0,0,0
204,iPhone,6,512,6.1,2815.0,12,24499,12,12,12,0
206,Reeder,4,64,6.55,5000.0,8,2302,13,2,2,0
207,Oppo,8,256,6.5,4015.0,32,6957,48,8,2,2
208,General,4,64,6.09,4000.0,8,2626,13,2,2,0
209,Huawei,4,64,6.39,4000.0,8,3136,48,8,2,0
211,İnfinix,4,128,6.8,5000.0,8,3135,48,2,0,0
214,Realme,4,64,6.5,6000.0,8,3081,13,8,2,2
215,Samsung,4,128,6.4,5000.0,20,4703,48,8,5,0
216,Samsung,8,128,6.5,4500.0,32,6859,64,12,5,5
217,TECNO,6,128,6.8,5000.0,16,4356,48,2,2,0
218,vivo,4,128,6.51,5000.0,8,3619,50,2,2,0
219,Omix,3,64,6.67,5000.0,8,2527,16,5,2,2
220,Oppo,8,128,6.44,4000.0,16,5390,24,0,0,0
221,Samsung,4,64,6.4,4000.0,16,4164,25,8,5,0
222,Xiaomi,8,256,6.67,5000.0,16,13171,108,8,5,2
223,Lenovo,1,8,5.0,2300.0,2,1175,5,0,0,0
224,Xiaomi,8,256,6.67,5000.0,20,11759,108,13,5,0
225,Reeder,4,64,6.47,4680.0,8,2596,13,0,0,0
226,Oppo,8,128,6.4,4310.0,44,7252,64,8,2,2
228,Xiaomi,8,128,6.67,5000.0,20,9212,64,13,5,0
229,Reeder,4,32,6.52,4780.0,5,1989,8,0,0,0
230,General,6,128,6.3,4050.0,16,3376,48,8,2,0
231,General,4,64,6.09,4000.0,8,2675,13,2,2,0
232,TECNO,4,128,6.8,5000.0,8,2679,16,0,0,0
233,Samsung,4,64,6.5,5000.0,5,3468,13,2,2,0
235,Samsung,12,256,6.6,4500.0,10,19999,50,10,12,0
236,Samsung,4,128,6.5,5000.0,13,4924,12,8,2,2
237,TCL,4,128,6.53,4000.0,8,3105,48,5,0,0
238,Samsung,12,128,6.8,5000.0,40,17395,108,12,10,10
239,POCO,6,128,6.5,5000.0,8,5183,8,2,2,0
240,Hiking,4,64,6.3,3600.0,8,1862,16,0,0,0
241,Huawei,2,16,5.71,3020.0,5,2204,13,0,0,0
242,Honor,4,128,6.21,3400.0,32,3498,24,8,2,0
243,General,1,16,5.5,3500.0,5,1469,13,0,0,0
245,Reeder,2,32,6.5,3950.0,5,1763,5,0,0,0
246,Xiaomi,6,64,6.47,5260.0,16,6291,64,8,2,2
247,Realme,2,32,6.5,5000.0,5,2214,13,0,0,0
249,Samsung,8,256,6.5,4000.0,32,6654,48,12,5,5
250,Samsung,6,128,6.5,4000.0,32,5782,48,12,5,5
251,Realme,4,128,6.5,5000.0,16,4052,48,8,2,2
252,Reeder,8,128,6.55,4000.0,8,3258,48,8,2,0
254,Casper,3,64,6.22,3500.0,13,2390,15,0,0,0
255,Huawei,4,128,6.3,4000.0,16,3694,48,8,2,0
256,iPhone,6,256,6.7,3687.0,12,27500,12,12,12,0
257,Xiaomi,6,128,6.55,4250.0,20,7399,64,8,5,2
258,iPhone,4,128,5.4,2227.0,12,17345,12,12,0,0
259,Huawei,3,64,6.3,5000.0,8,2695,13,2,5,0
260,TECNO,8,128,6.9,4500.0,52,5488,64,8,2,2
261,General,4,64,6.52,5050.0,8,2678,16,0,0,0
262,Honor,8,128,6.57,4300.0,32,9260,108,8,2,2
263,General,6,128,6.67,5000.0,16,3497,48,0,0,0
264,HONOR,3,64,5.71,3020.0,5,2645,13,0,0,0
265,Realme,2,32,6.1,4000.0,5,2037,15,0,0,0
266,Samsung,4,128,6.6,5000.0,8,11800,50,8,2,2
267,Xiaomi,4,64,6.5,5000.0,8,4232,50,8,2,2
268,Xiaomi,6,128,6.67,4820.0,16,6858,24,0,0,0
269,Samsung,8,128,6.7,4500.0,32,8034,64,12,5,5
270,iPhone,6,128,6.1,2815.0,12,23416,12,12,12,0
272,Alcatel,1,8,5.0,2000.0,2,1176,5,0,0,0
273,POCO,6,64,6.67,5160.0,20,5193,64,13,5,2
274,Casper,4,128,6.55,5000.0,8,3389,48,5,2,2
276,Poco,6,128,6.5,5000.0,16,7829,108,8,2,0
277,Alcatel,6,128,6.52,5000.0,13,2841,48,5,0,0
278,Meizu,3,32,6.5,4000.0,13,2155,13,2,2,0
279,Ulefone,4,64,6.52,4500.0,8,2199,16,5,2,0
280,Poco,8,256,6.67,4520.0,20,9799,20,13,5,0
281,Xiaomi,8,128,6.43,5000.0,16,6812,108,8,2,2
282,LG,2,16,5.0,2500.0,5,2155,8,0,0,0
283,Xiaomi,8,128,6.67,5000.0,20,10289,108,13,5,0
284,Huawei,4,64,6.18,3340.0,24,4605,24,8,2,0
285,Huawei,2,16,5.7,3000.0,5,2038,13,0,0,0
286,Samsung,12,256,6.8,4300.0,10,12054,12,12,2,0
287,Huawei,8,256,6.55,4200.0,32,14429,48,8,2,0
288,LG,4,128,6.53,4000.0,16,3742,48,8,5,2
289,Hiking,6,128,6.53,4500.0,25,2939,48,8,5,2
290,TECNO,8,256,6.7,4750.0,32,8341,64,12,8,0
291,Samsung,3,32,5.7,3600.0,16,3135,16,0,0,0
292,Huawei,4,64,5.84,3000.0,16,3723,16,2,0,0
293,iPhone,4,256,5.4,2406.0,12,18521,12,12,0,0
294,iPhone,6,128,6.7,3687.0,12,26460,12,12,12,0
295,Hiking,8,128,6.53,4000.0,25,3674,64,8,2,0
297,Omix,4,64,6.67,5000.0,8,3037,16,0,0,0
299,Samsung,8,128,6.7,4500.0,32,9359,12,12,12,0
300,Realme,6,64,6.5,5000.0,16,4679,64,8,2,2
303,Samsung,1,16,5.0,2600.0,5,2645,5,0,0,0
304,iPhone,2,32,4.7,1960.0,7,6957,12,0,0,0
305,General,1,16,5.5,3500.0,5,1563,13,0,0,0
306,Oppo,4,64,6.5,5000.0,16,3910,12,8,2,2
307,General,3,32,5.5,3100.0,13,2297,13,0,0,0
308,Huawei,3,32,6.09,3020.0,8,2588,13,0,0,0
309,Xiaomi,8,128,6.55,4250.0,20,8281,64,8,5,2
310,Samsung,12,128,6.9,5000.0,40,15040,108,48,12,0
311,TCL,3,32,6.52,4000.0,8,2033,13,2,2,0
312,Xiaomi,6,128,6.5,5000.0,8,5310,48,2,2,2
314,Huawei,8,128,6.1,3800.0,32,9016,48,8,2,0
317,General,4,64,6.01,3800.0,8,3135,12,8,0,0
318,Oppo,3,32,6.22,4230.0,5,2645,15,0,0,0
320,Xiaomi,8,128,6.67,4780.0,20,11073,108,13,2,2
321,Samsung,8,256,6.7,5000.0,32,23600,108,12,10,10
322,Casper,3,32,5.8,3000.0,8,2145,13,5,0,0
323,HONOR,2,32,5.71,3020.0,5,2155,13,0,0,0
325,Samsung,4,64,6.4,6000.0,16,5341,48,8,5,0
326,Oppo,8,128,6.43,4310.0,44,9799,64,8,2,2
327,Samsung,8,128,6.2,4000.0,10,11749,12,76,0,0
328,Huawei,6,128,6.39,4200.0,24,14699,40,20,8,0
330,Samsung,2,32,6.2,3400.0,5,3615,13,0,0,0
331,Xiaomi,3,32,6.53,5020.0,8,2909,13,0,0,0
332,TECNO,8,128,6.8,5000.0,16,5673,48,13,2,0
333,Oppo,8,128,6.4,4015.0,32,6370,48,8,2,2
335,Oppo,4,128,6.5,5000.0,16,4790,48,8,2,2
336,Samsung,8,128,6.1,3400.0,10,8623,16,12,12,0
337,Realme,4,128,6.5,5000.0,8,3438,50,2,2,0
339,Samsung,8,128,6.7,7000.0,32,8330,64,12,5,5
340,Oppo,4,128,6.5,5000.0,16,4790,48,8,2,2
341,Meizu,3,32,5.7,3300.0,8,1919,13,0,0,0
342,Oppo,4,128,6.44,4015.0,16,4507,24,0,0,0
343,Samsung,8,256,6.5,4500.0,32,8217,12,0,0,0
344,iPhone,3,64,6.1,2942.0,7,10089,12,0,0,0
345,Xiaomi,8,128,6.47,5260.0,16,9113,64,8,2,2
346,Nokia,1,8,4.5,3400.0,0,1312,5,0,0,0
347,Huawei,3,64,6.21,3400.0,8,3528,15,0,0,0
349,iPhone,6,512,6.1,3095.0,12,29596,12,12,12,0
350,Vivo,8,128,6.58,5000.0,16,4311,48,8,2,0
351,Xiaomi,6,128,6.47,5000.0,13,5170,48,8,2,2
352,iPhone,4,512,5.4,2406.0,12,19599,12,12,0,0
353,vivo,12,256,6.44,4200.0,58,13999,64,8,2,0
354,Samsung,2,32,6.2,4000.0,2,3185,13,0,0,0
355,TCL,6,64,6.47,4500.0,16,4213,48,8,2,2
357,POCO,4,64,6.5,5000.0,8,4704,8,2,2,0
358,Vestel,4,128,6.4,3500.0,8,4311,16,5,0,0
359,Oppo,3,32,6.2,4230.0,8,2743,15,0,0,0
360,Huawei,3,32,5.5,3340.0,8,1861,12,0,0,0
362,Oppo,4,64,6.5,4230.0,8,3822,12,2,2,0
363,Realme,2,32,6.5,5000.0,5,2351,12,2,0,0
364,Samsung,8,128,6.4,4100.0,18,10290,16,12,12,0
365,Yeni,4,256,4.7,1821.0,7,13699,12,0,0,0
366,Poco,8,256,6.6,5000.0,16,7604,64,8,2,0
367,Xiaomi,6,128,6.67,5000.0,20,8319,64,13,5,0
368,General,3,32,6.55,3450.0,8,2576,12,5,0,0
369,Oukitel,4,64,6.39,4000.0,8,2990,21,0,0,0
370,Casper,4,128,6.0,5000.0,8,3500,8,5,2,2
371,Poco,6,128,6.6,5000.0,16,6237,50,8,2,2
372,Huawei,3,64,6.21,3400.0,8,3479,15,0,0,0
373,Xiaomi,8,128,6.55,4250.0,16,7692,64,8,5,2
375,Tcl,6,256,6.67,4499.0,32,8427,41,0,0,0
376,Oppo,3,64,6.5,5000.0,8,4307,12,8,2,2
377,vivo,3,32,6.51,5000.0,8,3234,15,0,0,0
378,Poco,6,128,6.6,5000.0,16,6663,50,8,2,2
379,Huawei,8,512,6.6,4500.0,0,20090,40,16,8,0
381,iPhone,4,256,6.1,3110.0,12,16905,12,12,0,0
385,Xiaomi,4,128,6.53,5000.0,5,3723,13,0,0,0
386,iPhone,3,128,5.5,2691.0,7,14087,12,12,0,0
388,Lenovo,1,8,4.5,2000.0,2,1175,5,0,0,0
389,Realme,3,64,6.1,4000.0,5,2900,15,0,0,0
391,Casper,4,64,6.3,3950.0,13,3184,16,5,0,0
392,iPhone,6,512,6.7,3687.0,12,29743,12,12,12,0
393,vivo,8,128,6.58,5000.0,16,4242,50,2,2,0
394,Samsung,6,64,6.4,4000.0,25,6859,25,5,8,0
395,TECNO,8,256,6.7,4700.0,52,7252,50,13,8,0
396,POCO,6,128,6.67,4700.0,20,7999,64,13,5,2
397,Trident,4,64,6.53,3600.0,8,2429,16,0,0,0
398,iPhone,6,256,6.1,2815.0,12,23128,12,12,12,0
399,Huawei,4,128,6.59,4000.0,16,4802,24,0,0,0
400,Samsung,3,32,6.4,5000.0,8,3204,13,0,0,0
401,Xiaomi,6,64,6.43,5000.0,16,6124,108,8,2,2
402,Hiking,6,128,6.53,4500.0,25,3077,48,8,5,2
403,Xiaomi,4,128,6.01,4000.0,32,4213,48,8,2,0
404,Oneplus,8,128,6.55,4500.0,16,11809,48,50,2,0
405,Realme,4,64,6.5,5000.0,8,3773,12,8,2,2
406,POCO,6,128,6.67,4520.0,20,8299,20,13,5,0
407,iPhone,6,1000,6.7,4325.0,12,35399,12,12,12,0
408,Samsung,3,32,6.5,4000.0,8,3723,13,8,0,0
409,Huawei,4,128,6.18,3340.0,24,6370,48,8,2,0
410,Samsung,8,128,6.7,4500.0,10,12959,12,64,12,0
412,Samsung,8,128,6.7,3700.0,60,6175,60,0,0,0
413,iPhone,6,1000,6.1,3095.0,12,31850,12,12,12,0
414,Samsung,2,16,5.2,3100.0,5,2645,13,0,0,0
415,Oppo,4,128,6.41,3600.0,25,4752,16,2,0,0
416,Samsung,12,256,7.6,4400.0,10,26459,12,12,12,0
417,Xiaomi,8,128,6.67,5000.0,16,7634,108,8,2,0
419,Xiaomi,6,64,6.55,4250.0,16,6712,64,8,5,2
420,Samsung,6,128,5.8,3100.0,10,9309,16,12,0,0
421,Casper,3,32,5.7,3000.0,8,1959,16,0,0,0
423,Huawei,4,64,5.84,3000.0,16,3093,13,0,0,0
424,iPhone,4,512,6.1,3095.0,12,21353,12,12,0,0
427,LG,2,16,5.7,3200.0,8,4312,13,0,0,0
428,Samsung,8,128,6.7,4500.0,32,9310,48,5,0,0
429,Ulefone,2,32,6.52,5500.0,8,1861,13,2,2,0
430,Vestel,3,64,6.21,4050.0,8,2817,15,0,0,0
431,Casper,2,32,5.71,3200.0,5,2253,15,0,0,0
432,POCO,4,64,6.53,6000.0,8,4165,8,2,2,0
433,Alcatel,4,64,6.5,4000.0,8,2744,16,0,0,0
434,Samsung,8,128,6.7,4500.0,32,9310,48,5,0,0
435,Xiaomi,6,128,6.39,4000.0,20,7349,48,8,13,0
436,Vestel,3,64,6.21,4050.0,8,2817,15,0,0,0
437,Casper,2,32,5.71,3200.0,5,2253,15,0,0,0
438,LG,2,32,6.1,3500.0,13,2743,13,5,0,0
439,Honor,3,64,6.21,3400.0,24,3599,15,0,0,0
440,Xiaomi,4,64,6.26,3350.0,24,3759,12,5,0,0
441,vivo,4,64,6.51,5000.0,8,3474,13,0,0,0
442,Realme,4,128,6.3,4035.0,16,8819,48,8,2,2
443,Nokia,2,16,5.0,2630.0,8,2695,8,0,0,0
444,Samsung,3,32,6.3,5000.0,8,3909,13,5,0,0
445,Alcatel,3,32,5.5,3060.0,5,2311,15,0,0,0
446,Tecno,4,64,6.52,5000.0,8,2450,13,0,0,0
447,Vestel,4,64,6.18,3300.0,16,2939,16,2,0,0
448,Casper,4,128,6.5,5000.0,8,3331,40,20,0,0
449,General,4,64,6.01,3800.0,8,3969,12,8,0,0
450,General,3,64,6.52,4000.0,8,2582,13,5,0,0
451,Xiaomi,3,32,6.26,4000.0,8,3655,12,2,0,0
452,iPhone,3,256,6.1,2942.0,7,14199,12,0,0,0
453,Huawei,4,64,5.9,3240.0,15,4410,16,2,0,0
454,Samsung,3,32,6.0,3500.0,16,3879,16,5,0,0
455,Xiaomi,6,128,6.47,5260.0,16,8820,64,8,2,2
456,Realme,3,64,6.5,5000.0,5,3233,12,2,0,0
457,Xiaomi,6,128,6.47,5260.0,16,8820,64,8,2,2
459,Realme,8,128,6.6,4300.0,24,9309,64,12,8,2
460,Huawei,8,256,6.7,4400.0,13,24499,50,16,8,0
463,Huawei,3,32,6.26,4000.0,8,3577,15,0,0,0
465,Hiking,6,128,6.53,4000.0,25,4213,48,0,0,0
466,Huawei,2,16,5.99,3000.0,8,3332,13,0,0,0
468,Infinix,3,32,6.82,6000.0,8,2399,13,8,0,0
469,Samsung,4,64,6.0,3500.0,24,4899,16,0,0,0
470,iPhone,6,512,6.7,4325.0,12,32568,12,12,12,0
471,Casper,4,64,6.2,3400.0,16,2989,12,5,0,0
473,Huawei,6,128,6.0,4000.0,8,9799,20,12,0,0
474,Nokia,0,8,3.5,0.0,0,881,8,0,0,0
475,General,3,32,5.7,3075.0,13,2449,13,0,0,0
476,Tecno,2,32,6.5,4000.0,8,2498,8,0,0,0
477,İnfinix,8,128,6.95,5000.0,16,5811,50,2,2,0
478,Huawei,3,16,5.2,3000.0,8,5879,13,0,0,0
479,HONOR,3,32,6.26,4000.0,8,3091,15,0,0,0
480,iPhone,3,64,5.5,2691.0,7,14699,12,12,0,0
481,Tecno,6,128,6.8,1000.0,52,3331,48,2,2,2
482,vivo,8,128,6.44,4100.0,16,5095,16,2,2,0
483,Reeder,4,128,6.5,3950.0,5,2799,13,0,0,0
484,Tcl,4,64,6.8,5000.0,8,2841,16,5,2,0
485,Huawei,8,256,6.53,4500.0,32,16999,40,40,8,0
486,Trident,8,128,6.8,5150.0,24,4411,48,0,0,0
487,Honor,4,128,6.59,4000.0,16,4073,48,8,2,0
491,Apple,4,64,6.5,3174.0,7,19600,12,12,0,0
492,Samsung,8,512,6.4,4100.0,18,15680,16,12,12,0
493,iPhone,3,64,5.8,2716.0,7,17149,12,12,0,0
494,Oppo,8,128,6.4,4025.0,40,6046,48,8,13,0
495,İnfinix,4,64,6.8,6000.0,8,2939,13,0,0,0
496,Alcatel,3,32,5.7,3000.0,5,1959,13,5,0,0
497,Huawei,4,64,6.3,3750.0,26,6859,20,2,0,0
498,Huawei,6,128,6.1,4000.0,24,8819,40,20,8,0
499,Nokia,1,8,5.0,4100.0,5,1919,8,0,0,0
500,Huawei,8,256,6.9,4000.0,10,25999,40,13,32,0
501,Samsung,6,128,6.4,4000.0,8,12739,12,12,0,0
502,Samsung,2,16,6.22,3400.0,5,3526,13,5,0,0
503,Xiaomi,6,128,6.39,4000.0,32,5879,48,8,2,0
505,Samsung,8,256,6.3,3500.0,10,11758,12,12,16,0
506,Samsung,4,64,6.0,3500.0,24,3919,16,5,0,0
507,Samsung,2,16,6.22,3400.0,5,3526,13,5,0,0
508,Huawei,6,128,6.1,4000.0,24,9799,40,20,8,0
509,Huawei,8,256,6.9,4000.0,10,25999,40,13,32,0
510,Trident,6,128,6.53,4500.0,25,3320,48,8,2,5
511,Huawei,6,128,6.47,4200.0,32,14210,40,20,8,0
512,iPhone,3,32,5.5,2900.0,7,9310,12,0,0,0
513,POCO,8,256,6.67,4700.0,20,9799,64,13,5,2
515,iPhone,2,128,4.7,1960.0,7,8819,12,0,0,0
516,iPhone,2,32,5.5,2750.0,5,11270,12,0,0,0
517,POCO,4,128,6.53,6000.0,8,4694,8,2,2,0
518,iPhone,3,256,4.7,1821.0,7,11760,12,0,0,0
519,Samsung,4,64,6.0,3300.0,24,7113,24,5,8,0
520,Samsung,6,128,6.3,3800.0,24,5683,24,5,10,8
521,Samsung,4,32,5.5,3600.0,5,7055,12,0,0,0
522,Samsung,4,64,6.2,3500.0,8,7238,12,0,0,0
523,Samsung,4,64,6.4,4000.0,16,4410,16,5,0,0
524,Huawei,3,32,5.5,3340.0,8,1950,12,0,0,0
525,vivo,8,128,6.3,4500.0,16,6370,48,8,2,2
526,Xiaomi,6,128,6.47,5260.0,32,9799,108,20,5,12
527,İnfinix,8,128,6.95,5000.0,16,6663,64,13,2,0
529,iPhone,4,256,5.8,2658.0,7,16149,12,12,0,0
530,Tecno,6,128,6.8,2100.0,8,4410,13,0,0,0
531,Trident,4,64,6.53,4150.0,16,2792,16,13,0,0
534,Samsung,12,256,6.2,4500.0,10,20579,12,12,12,0
535,Samsung,3,32,6.4,4000.0,8,3234,13,5,0,0
536,Xiaomi,8,256,6.8,4600.0,20,18619,108,13,5,0
537,Huawei,1,16,5.45,3020.0,5,1470,8,0,0,0
538,HONOR,3,32,5.99,3000.0,8,2646,15,0,0,0
539,iPhone,3,256,5.8,2716.0,7,20416,12,12,0,0
540,Realme,4,128,6.5,4300.0,16,8819,64,8,2,2
541,Samsung,6,128,6.7,4500.0,32,6860,32,5,8,0
542,General,6,128,6.3,4050.0,16,3429,48,8,2,0
543,Samsung,4,64,6.3,4050.0,13,7693,25,8,0,0
544,Hiking,6,128,6.3,3900.0,8,2841,16,0,0,0
545,Samsung,4,64,6.5,5000.0,8,2999,48,2,2,2
546,Samsung,4,128,6.5,5000.0,8,3249,48,2,2,2
547,Oppo,4,64,6.52,4230.0,8,2749,13,2,2,0
548,Oppo,8,128,6.4,4310.0,32,4655,48,8,2,2
549,Oppo,4,128,6.43,5000.0,16,3984,48,2,0,0
550,Samsung,8,128,6.7,5000.0,32,5349,64,13,5,0
551,Xiaomi,3,64,6.53,5000.0,5,2692,13,0,0,0
552,Reeder,3,16,6.08,4080.0,5,1349,8,0,0,0
553,Reeder,4,64,6.26,3800.0,5,1598,8,0,0,0
554,iPhone,4,128,6.1,3110.0,12,12199,12,12,0,0
555,Samsung,6,128,6.5,4500.0,32,6849,12,12,8,0
556,Poco,8,256,6.67,5160.0,20,5999,48,8,2,2
557,Poco,6,128,6.67,5160.0,20,5671,48,8,2,2
558,Samsung,6,128,6.4,5000.0,20,4663,64,8,2,2
559,iPhone,4,64,6.1,3110.0,12,11199,12,12,0,0
560,HTC,6,128,6.5,5000.0,25,3099,48,8,2,2
561,Samsung,8,128,6.2,4000.0,10,9114,12,76,0,0
562,iPhone,4,64,6.1,2815.0,12,15961,12,12,0,0
563,iPhone,4,128,6.1,3095.0,12,17817,12,12,0,0
564,iPhone,3,64,4.7,1821.0,7,7600,12,0,0,0
565,iPhone,4,64,5.4,2227.0,12,14993,12,12,0,0
566,Samsung,8,128,6.5,4500.0,32,5799,64,12,5,5
567,Realme,2,32,6.5,5000.0,5,2059,8,0,0,0
568,Reeder,6,128,6.5,5380.0,8,2249,13,0,0,0
569,Samsung,4,64,6.5,5000.0,8,2999,48,2,2,2
570,Samsung,4,128,6.5,5000.0,8,3249,48,2,2,2
571,Oppo,4,64,6.52,4230.0,8,2749,13,2,2,0
572,Oppo,8,128,6.4,4310.0,32,4655,48,8,2,2
573,Oppo,4,128,6.43,5000.0,16,3984,48,2,0,0
574,Samsung,8,128,6.7,5000.0,32,5349,64,13,5,0
575,Xiaomi,3,64,6.53,5000.0,5,2692,13,0,0,0
576,Reeder,3,16,6.08,4080.0,5,1349,8,0,0,0
577,Reeder,4,64,6.26,3800.0,5,1598,8,0,0,0
578,iPhone,4,128,6.1,3110.0,12,12199,12,12,0,0
579,Samsung,6,128,6.5,4500.0,32,6849,12,12,8,0
580,Poco,8,256,6.67,5160.0,20,5999,48,8,2,2
581,Poco,6,128,6.67,5160.0,20,5671,48,8,2,2
582,Samsung,6,128,6.4,5000.0,20,4663,64,8,2,2
583,iPhone,4,64,6.1,3110.0,12,11199,12,12,0,0
584,HTC,6,128,6.5,5000.0,25,3099,48,8,2,2
585,Samsung,8,128,6.2,4000.0,10,9114,12,76,0,0
586,iPhone,4,64,6.1,2815.0,12,15961,12,12,0,0
587,iPhone,4,128,6.1,3095.0,12,17817,12,12,0,0
588,iPhone,3,64,4.7,1821.0,7,7600,12,0,0,0
589,iPhone,4,64,5.4,2227.0,12,14993,12,12,0,0
590,Samsung,8,128,6.5,4500.0,32,5799,64,12,5,5
591,Realme,2,32,6.5,5000.0,5,2059,8,0,0,0
592,Reeder,6,128,6.5,5380.0,8,2249,13,0,0,0
593,Samsung,4,64,6.5,5000.0,8,2999,48,2,2,2
594,Samsung,4,128,6.5,5000.0,8,3249,48,2,2,2
595,Oppo,4,64,6.52,4230.0,8,2749,13,2,2,0
596,Oppo,8,128,6.4,4310.0,32,4655,48,8,2,2
597,Oppo,4,128,6.43,5000.0,16,3984,48,2,0,0
598,Samsung,8,128,6.7,5000.0,32,5349,64,13,5,0
599,Xiaomi,3,64,6.53,5000.0,5,2692,13,0,0,0
600,Reeder,3,16,6.08,4080.0,5,1349,8,0,0,0
601,Reeder,4,64,6.26,3800.0,5,1598,8,0,0,0
602,iPhone,4,128,6.1,3110.0,12,12199,12,12,0,0
603,Samsung,6,128,6.5,4500.0,32,6849,12,12,8,0
604,Poco,8,256,6.67,5160.0,20,5999,48,8,2,2
605,Poco,6,128,6.67,5160.0,20,5671,48,8,2,2
606,Samsung,6,128,6.4,5000.0,20,4663,64,8,2,2
607,iPhone,4,64,6.1,3110.0,12,11199,12,12,0,0
608,HTC,6,128,6.5,5000.0,25,3099,48,8,2,2
609,Samsung,8,128,6.2,4000.0,10,9114,12,76,0,0
610,iPhone,4,64,6.1,2815.0,12,15961,12,12,0,0
611,iPhone,4,128,6.1,3095.0,12,17817,12,12,0,0
612,iPhone,3,64,4.7,1821.0,7,7600,12,0,0,0
613,iPhone,4,64,5.4,2227.0,12,14993,12,12,0,0
614,Samsung,8,128,6.5,4500.0,32,5799,64,12,5,5
615,Realme,2,32,6.5,5000.0,5,2059,8,0,0,0
616,Reeder,6,128,6.5,5380.0,8,2249,13,0,0,0
617,Samsung,4,64,6.5,5000.0,8,2999,48,2,2,2
618,Samsung,4,128,6.5,5000.0,8,3249,48,2,2,2
619,Oppo,4,64,6.52,4230.0,8,2749,13,2,2,0
620,Oppo,8,128,6.4,4310.0,32,4655,48,8,2,2
621,Oppo,4,128,6.43,5000.0,16,3984,48,2,0,0
622,Samsung,8,128,6.7,5000.0,32,5349,64,13,5,0
623,Xiaomi,3,64,6.53,5000.0,5,2692,13,0,0,0
624,Reeder,3,16,6.08,4080.0,5,1349,8,0,0,0
625,Reeder,4,64,6.26,3800.0,5,1598,8,0,0,0
626,iPhone,4,128,6.1,3110.0,12,12199,12,12,0,0
627,Samsung,6,128,6.5,4500.0,32,6849,12,12,8,0
628,Poco,8,256,6.67,5160.0,20,5999,48,8,2,2
629,Poco,6,128,6.67,5160.0,20,5671,48,8,2,2
630,Samsung,6,128,6.4,5000.0,20,4663,64,8,2,2
631,iPhone,4,64,6.1,3110.0,12,11199,12,12,0,0
632,HTC,6,128,6.5,5000.0,25,3099,48,8,2,2
633,Samsung,8,128,6.2,4000.0,10,9114,12,76,0,0
634,iPhone,4,64,6.1,2815.0,12,15961,12,12,0,0
635,iPhone,4,128,6.1,3095.0,12,17817,12,12,0,0
636,iPhone,3,64,4.7,1821.0,7,7600,12,0,0,0
637,iPhone,4,64,5.4,2227.0,12,14993,12,12,0,0
638,Samsung,8,128,6.5,4500.0,32,5799,64,12,5,5
639,Realme,2,32,6.5,5000.0,5,2059,8,0,0,0
640,Reeder,6,128,6.5,5380.0,8,2249,13,0,0,0
641,Samsung,4,64,6.5,5000.0,8,2999,48,2,2,2
642,Samsung,4,128,6.5,5000.0,8,3249,48,2,2,2
643,Oppo,4,64,6.52,4230.0,8,2749,13,2,2,0
644,Oppo,8,128,6.4,4310.0,32,4655,48,8,2,2
645,Oppo,4,128,6.43,5000.0,16,3984,48,2,0,0
646,Samsung,6,128,6.5,4500.0,32,6849,12,12,8,0
647,Samsung,8,128,6.7,5000.0,32,5349,64,13,5,0
648,Xiaomi,3,64,6.53,5000.0,5,2692,13,0,0,0
649,Reeder,3,16,6.08,4080.0,5,1349,8,0,0,0
650,Reeder,4,64,6.26,3800.0,5,1598,8,0,0,0
651,iPhone,4,128,6.1,3110.0,12,12199,12,12,0,0
652,Poco,8,256,6.67,5160.0,20,5999,48,8,2,2
653,Poco,6,128,6.67,5160.0,20,5671,48,8,2,2
654,Samsung,6,128,6.4,5000.0,20,4663,64,8,2,2
655,iPhone,4,64,6.1,3110.0,12,11199,12,12,0,0
656,HTC,6,128,6.5,5000.0,25,3099,48,8,2,2
657,Samsung,8,128,6.2,4000.0,10,9114,12,76,0,0
658,iPhone,4,64,6.1,2815.0,12,15961,12,12,0,0
659,iPhone,4,128,6.1,3095.0,12,17817,12,12,0,0
660,iPhone,3,64,4.7,1821.0,7,7600,12,0,0,0
661,iPhone,4,64,5.4,2227.0,12,14993,12,12,0,0
662,Samsung,8,128,6.5,4500.0,32,5799,64,12,5,5
663,Realme,2,32,6.5,5000.0,5,2059,8,0,0,0
664,Reeder,6,128,6.5,5380.0,8,2249,13,0,0,0
665,Samsung,4,64,6.5,5000.0,8,2999,48,2,2,2
666,Samsung,4,128,6.5,5000.0,8,3249,48,2,2,2
667,Oppo,4,64,6.52,4230.0,8,2749,13,2,2,0
668,Oppo,8,128,6.4,4310.0,32,4655,48,8,2,2
669,Oppo,4,128,6.43,5000.0,16,3984,48,2,0,0
670,Samsung,8,128,6.7,5000.0,32,5349,64,13,5,0
671,Xiaomi,3,64,6.53,5000.0,5,2692,13,0,0,0
672,Reeder,3,16,6.08,4080.0,5,1349,8,0,0,0
673,Reeder,4,64,6.26,3800.0,5,1598,8,0,0,0
674,iPhone,4,128,6.1,3110.0,12,12199,12,12,0,0
675,Samsung,6,128,6.5,4500.0,32,6849,12,12,8,0
676,Poco,8,256,6.67,5160.0,20,5999,48,8,2,2
677,Poco,6,128,6.67,5160.0,20,5671,48,8,2,2
678,Samsung,6,128,6.4,5000.0,20,4663,64,8,2,2
679,iPhone,4,64,6.1,3110.0,12,11199,12,12,0,0
680,HTC,6,128,6.5,5000.0,25,3099,48,8,2,2
681,Samsung,8,128,6.2,4000.0,10,9114,12,76,0,0
682,iPhone,4,64,6.1,2815.0,12,15961,12,12,0,0
683,iPhone,4,128,6.1,3095.0,12,17817,12,12,0,0
684,iPhone,3,64,4.7,1821.0,7,7600,12,0,0,0
685,iPhone,4,64,5.4,2227.0,12,14993,12,12,0,0
686,Samsung,8,128,6.5,4500.0,32,5799,64,12,5,5
687,Realme,2,32,6.5,5000.0,5,2059,8,0,0,0
688,Reeder,6,128,6.5,5380.0,8,2249,13,0,0,0
689,Samsung,4,64,6.5,5000.0,8,2999,48,2,2,2
690,Samsung,4,128,6.5,5000.0,8,3249,48,2,2,2
691,Oppo,4,64,6.52,4230.0,8,2749,13,2,2,0
692,Oppo,8,128,6.4,4310.0,32,4655,48,8,2,2
693,Oppo,4,128,6.43,5000.0,16,3984,48,2,0,0
694,Samsung,8,128,6.7,5000.0,32,5349,64,13,5,0
695,Xiaomi,3,64,6.53,5000.0,5,2692,13,0,0,0
696,Reeder,3,16,6.08,4080.0,5,1349,8,0,0,0
697,Reeder,4,64,6.26,3800.0,5,1598,8,0,0,0
698,iPhone,4,128,6.1,3110.0,12,12199,12,12,0,0
699,Samsung,6,128,6.5,4500.0,32,6849,12,12,8,0
700,Poco,8,256,6.67,5160.0,20,5999,48,8,2,2
701,Poco,6,128,6.67,5160.0,20,5671,48,8,2,2
702,Samsung,6,128,6.4,5000.0,20,4663,64,8,2,2
703,iPhone,4,64,6.1,3110.0,12,11199,12,12,0,0
704,HTC,6,128,6.5,5000.0,25,3099,48,8,2,2
705,Samsung,8,128,6.2,4000.0,10,9114,12,76,0,0
706,iPhone,4,64,6.1,2815.0,12,15961,12,12,0,0
707,iPhone,4,128,6.1,3095.0,12,17817,12,12,0,0
708,iPhone,3,64,4.7,1821.0,7,7600,12,0,0,0
709,iPhone,4,64,5.4,2227.0,12,14993,12,12,0,0
710,Samsung,8,128,6.5,4500.0,32,5799,64,12,5,5
711,Realme,2,32,6.5,5000.0,5,2059,8,0,0,0
712,Reeder,6,128,6.5,5380.0,8,2249,13,0,0,0
713,Samsung,4,64,6.5,5000.0,8,2999,48,2,2,2
714,Samsung,4,128,6.5,5000.0,8,3249,48,2,2,2
715,Oppo,4,64,6.52,4230.0,8,2749,13,2,2,0
716,Oppo,8,128,6.4,4310.0,32,4655,48,8,2,2
717,Oppo,4,128,6.43,5000.0,16,3984,48,2,0,0
718,Samsung,6,128,6.5,4500.0,32,6849,12,12,8,0
719,Samsung,8,128,6.7,5000.0,32,5349,64,13,5,0
720,Xiaomi,3,64,6.53,5000.0,5,2692,13,0,0,0
721,Reeder,3,16,6.08,4080.0,5,1349,8,0,0,0
722,Reeder,4,64,6.26,3800.0,5,1598,8,0,0,0
723,iPhone,4,128,6.1,3110.0,12,12199,12,12,0,0
724,Poco,8,256,6.67,5160.0,20,5999,48,8,2,2
725,Poco,6,128,6.67,5160.0,20,5671,48,8,2,2
726,Samsung,6,128,6.4,5000.0,20,4663,64,8,2,2
727,iPhone,4,64,6.1,3110.0,12,11199,12,12,0,0
728,HTC,6,128,6.5,5000.0,25,3099,48,8,2,2
729,Samsung,8,128,6.2,4000.0,10,9114,12,76,0,0
730,iPhone,4,64,6.1,2815.0,12,15961,12,12,0,0
731,iPhone,4,128,6.1,3095.0,12,17817,12,12,0,0
732,iPhone,3,64,4.7,1821.0,7,7600,12,0,0,0
733,iPhone,4,64,5.4,2227.0,12,14993,12,12,0,0
734,Samsung,8,128,6.5,4500.0,32,5799,64,12,5,5
735,Realme,2,32,6.5,5000.0,5,2059,8,0,0,0
736,Reeder,6,128,6.5,5380.0,8,2249,13,0,0,0
737,Samsung,4,64,6.5,5000.0,8,2999,48,2,2,2
738,Samsung,4,128,6.5,5000.0,8,3249,48,2,2,2
739,Oppo,4,64,6.52,4230.0,8,2749,13,2,2,0
740,Oppo,8,128,6.4,4310.0,32,4655,48,8,2,2
741,Oppo,4,128,6.43,5000.0,16,3984,48,2,0,0
742,Samsung,8,128,6.7,5000.0,32,5349,64,13,5,0
743,Xiaomi,3,64,6.53,5000.0,5,2692,13,0,0,0
744,Reeder,3,16,6.08,4080.0,5,1349,8,0,0,0
745,Reeder,4,64,6.26,3800.0,5,1598,8,0,0,0
746,iPhone,4,128,6.1,3110.0,12,12199,12,12,0,0
747,Samsung,6,128,6.5,4500.0,32,6849,12,12,8,0
748,Poco,8,256,6.67,5160.0,20,5999,48,8,2,2
749,Poco,6,128,6.67,5160.0,20,5671,48,8,2,2
750,Samsung,6,128,6.4,5000.0,20,4663,64,8,2,2
751,iPhone,4,64,6.1,3110.0,12,11199,12,12,0,0
752,HTC,6,128,6.5,5000.0,25,3099,48,8,2,2
753,Samsung,8,128,6.2,4000.0,10,9114,12,76,0,0
754,iPhone,4,64,6.1,2815.0,12,15961,12,12,0,0
755,iPhone,4,128,6.1,3095.0,12,17817,12,12,0,0
756,iPhone,3,64,4.7,1821.0,7,7600,12,0,0,0
757,iPhone,4,64,5.4,2227.0,12,14993,12,12,0,0
758,Samsung,8,128,6.5,4500.0,32,5799,64,12,5,5
759,Realme,2,32,6.5,5000.0,5,2059,8,0,0,0
760,Reeder,6,128,6.5,5380.0,8,2249,13,0,0,0
761,Samsung,4,64,6.5,5000.0,8,2999,48,2,2,2
762,Samsung,4,128,6.5,5000.0,8,3249,48,2,2,2
763,Oppo,4,64,6.52,4230.0,8,2749,13,2,2,0
764,Oppo,8,128,6.4,4310.0,32,4655,48,8,2,2
765,Oppo,4,128,6.43,5000.0,16,3984,48,2,0,0
766,Samsung,8,128,6.7,5000.0,32,5349,64,13,5,0
767,Xiaomi,3,64,6.53,5000.0,5,2692,13,0,0,0
768,Reeder,3,16,6.08,4080.0,5,1349,8,0,0,0
769,Reeder,4,64,6.26,3800.0,5,1598,8,0,0,0
770,iPhone,4,128,6.1,3110.0,12,12199,12,12,0,0
771,Samsung,6,128,6.5,4500.0,32,6849,12,12,8,0
772,Poco,8,256,6.67,5160.0,20,5999,48,8,2,2
773,Poco,6,128,6.67,5160.0,20,5671,48,8,2,2
774,Samsung,6,128,6.4,5000.0,20,4663,64,8,2,2
775,iPhone,4,64,6.1,3110.0,12,11199,12,12,0,0
776,HTC,6,128,6.5,5000.0,25,3099,48,8,2,2
777,Samsung,8,128,6.2,4000.0,10,9114,12,76,0,0
778,iPhone,4,64,6.1,2815.0,12,15961,12,12,0,0
779,iPhone,4,128,6.1,3095.0,12,17817,12,12,0,0
780,iPhone,3,64,4.7,1821.0,7,7600,12,0,0,0
781,iPhone,4,64,5.4,2227.0,12,14993,12,12,0,0
782,Samsung,8,128,6.5,4500.0,32,5799,64,12,5,5
783,Realme,2,32,6.5,5000.0,5,2059,8,0,0,0
784,Reeder,6,128,6.5,5380.0,8,2249,13,0,0,0
785,Samsung,4,64,6.5,5000.0,8,2999,48,2,2,2
786,Samsung,4,128,6.5,5000.0,8,3249,48,2,2,2
787,Oppo,4,64,6.52,4230.0,8,2749,13,2,2,0
788,Oppo,8,128,6.4,4310.0,32,4655,48,8,2,2
789,Oppo,4,128,6.43,5000.0,16,3984,48,2,0,0
790,Samsung,8,128,6.7,5000.0,32,5349,64,13,5,0
791,Xiaomi,3,64,6.53,5000.0,5,2692,13,0,0,0
792,Reeder,3,16,6.08,4080.0,5,1349,8,0,0,0
793,Reeder,4,64,6.26,3800.0,5,1598,8,0,0,0
794,iPhone,4,128,6.1,3110.0,12,12199,12,12,0,0
795,Samsung,6,128,6.5,4500.0,32,6849,12,12,8,0
796,Poco,8,256,6.67,5160.0,20,5999,48,8,2,2
797,Poco,6,128,6.67,5160.0,20,5671,48,8,2,2
798,Samsung,6,128,6.4,5000.0,20,4663,64,8,2,2
799,iPhone,4,64,6.1,3110.0,12,11199,12,12,0,0
800,HTC,6,128,6.5,5000.0,25,3099,48,8,2,2
801,Samsung,8,128,6.2,4000.0,10,9114,12,76,0,0
802,iPhone,4,64,6.1,2815.0,12,15961,12,12,0,0
803,iPhone,4,128,6.1,3095.0,12,17817,12,12,0,0
804,iPhone,3,64,4.7,1821.0,7,7600,12,0,0,0
805,iPhone,4,64,5.4,2227.0,12,14993,12,12,0,0
806,Samsung,8,128,6.5,4500.0,32,5799,64,12,5,5
807,Realme,2,32,6.5,5000.0,5,2059,8,0,0,0
808,Reeder,6,128,6.5,5380.0,8,2249,13,0,0,0
809,Samsung,4,64,6.5,5000.0,8,2999,48,2,2,2
810,Samsung,4,128,6.5,5000.0,8,3249,48,2,2,2
811,Oppo,4,64,6.52,4230.0,8,2749,13,2,2,0
812,Oppo,8,128,6.4,4310.0,32,4655,48,8,2,2
813,Oppo,4,128,6.43,5000.0,16,3984,48,2,0,0
814,Samsung,8,128,6.7,5000.0,32,5349,64,13,5,0
815,Xiaomi,3,64,6.53,5000.0,5,2692,13,0,0,0
816,Reeder,3,16,6.08,4080.0,5,1349,8,0,0,0
817,Reeder,4,64,6.26,3800.0,5,1598,8,0,0,0
818,iPhone,4,128,6.1,3110.0,12,12199,12,12,0,0
819,Samsung,6,128,6.5,4500.0,32,6849,12,12,8,0
820,Poco,8,256,6.67,5160.0,20,5999,48,8,2,2
821,Poco,6,128,6.67,5160.0,20,5671,48,8,2,2
822,Samsung,6,128,6.4,5000.0,20,4663,64,8,2,2
823,iPhone,4,64,6.1,3110.0,12,11199,12,12,0,0
824,HTC,6,128,6.5,5000.0,25,3099,48,8,2,2
825,Samsung,8,128,6.2,4000.0,10,9114,12,76,0,0
826,iPhone,4,64,6.1,2815.0,12,15961,12,12,0,0
827,iPhone,4,128,6.1,3095.0,12,17817,12,12,0,0
828,iPhone,3,64,4.7,1821.0,7,7600,12,0,0,0
829,iPhone,4,64,5.4,2227.0,12,14993,12,12,0,0
830,Samsung,8,128,6.5,4500.0,32,5799,64,12,5,5
831,Realme,2,32,6.5,5000.0,5,2059,8,0,0,0
832,Reeder,6,128,6.5,5380.0,8,2249,13,0,0,0
833,Samsung,4,64,6.5,5000.0,8,2999,48,2,2,2
834,Samsung,4,128,6.5,5000.0,8,3249,48,2,2,2
835,Oppo,4,64,6.52,4230.0,8,2749,13,2,2,0
836,Oppo,8,128,6.4,4310.0,32,4655,48,8,2,2
837,Oppo,4,128,6.43,5000.0,16,3984,48,2,0,0
838,Samsung,8,128,6.7,5000.0,32,5349,64,13,5,0
839,Xiaomi,3,64,6.53,5000.0,5,2692,13,0,0,0
840,Reeder,3,16,6.08,4080.0,5,1349,8,0,0,0
841,Reeder,4,64,6.26,3800.0,5,1598,8,0,0,0
842,iPhone,4,128,6.1,3110.0,12,12199,12,12,0,0
843,Samsung,6,128,6.5,4500.0,32,6849,12,12,8,0
844,Poco,8,256,6.67,5160.0,20,5999,48,8,2,2
845,Poco,6,128,6.67,5160.0,20,5671,48,8,2,2
846,Samsung,6,128,6.4,5000.0,20,4663,64,8,2,2
847,iPhone,4,64,6.1,3110.0,12,11199,12,12,0,0
848,HTC,6,128,6.5,5000.0,25,3099,48,8,2,2
849,Samsung,8,128,6.2,4000.0,10,9114,12,76,0,0
850,iPhone,4,64,6.1,2815.0,12,15961,12,12,0,0
851,iPhone,4,128,6.1,3095.0,12,17817,12,12,0,0
852,iPhone,3,64,4.7,1821.0,7,7600,12,0,0,0
853,iPhone,4,64,5.4,2227.0,12,14993,12,12,0,0
854,Samsung,8,128,6.5,4500.0,32,5799,64,12,5,5
855,Realme,2,32,6.5,5000.0,5,2059,8,0,0,0
856,Reeder,6,128,6.5,5380.0,8,2249,13,0,0,0
857,Samsung,4,64,6.5,5000.0,8,2999,48,2,2,2
858,Samsung,4,128,6.5,5000.0,8,3249,48,2,2,2
859,Oppo,4,64,6.52,4230.0,8,2749,13,2,2,0
860,Oppo,8,128,6.4,4310.0,32,4655,48,8,2,2
861,Oppo,4,128,6.43,5000.0,16,3984,48,2,0,0
862,Samsung,8,128,6.7,5000.0,32,5349,64,13,5,0
863,Xiaomi,3,64,6.53,5000.0,5,2692,13,0,0,0
864,Reeder,3,16,6.08,4080.0,5,1349,8,0,0,0
865,Reeder,4,64,6.26,3800.0,5,1598,8,0,0,0
866,iPhone,4,128,6.1,3110.0,12,12199,12,12,0,0
867,Samsung,6,128,6.5,4500.0,32,6849,12,12,8,0
868,Poco,8,256,6.67,5160.0,20,5999,48,8,2,2
869,Poco,6,128,6.67,5160.0,20,5671,48,8,2,2
870,Samsung,6,128,6.4,5000.0,20,4663,64,8,2,2
871,iPhone,4,64,6.1,3110.0,12,11199,12,12,0,0
872,HTC,6,128,6.5,5000.0,25,3099,48,8,2,2
873,Samsung,8,128,6.2,4000.0,10,9114,12,76,0,0
874,iPhone,4,64,6.1,2815.0,12,15961,12,12,0,0
875,iPhone,4,128,6.1,3095.0,12,17817,12,12,0,0
876,iPhone,3,64,4.7,1821.0,7,7600,12,0,0,0
877,iPhone,4,64,5.4,2227.0,12,14993,12,12,0,0
878,Samsung,8,128,6.5,4500.0,32,5799,64,12,5,5
879,Realme,2,32,6.5,5000.0,5,2059,8,0,0,0
880,Reeder,6,128,6.5,5380.0,8,2249,13,0,0,0
881,Samsung,4,64,6.5,5000.0,8,2999,48,2,2,2
882,Samsung,4,128,6.5,5000.0,8,3249,48,2,2,2
883,Oppo,4,64,6.52,4230.0,8,2749,13,2,2,0
884,Oppo,8,128,6.4,4310.0,32,4655,48,8,2,2
885,Oppo,4,128,6.43,5000.0,16,3984,48,2,0,0
886,Samsung,8,128,6.7,5000.0,32,5349,64,13,5,0
887,Xiaomi,3,64,6.53,5000.0,5,2692,13,0,0,0
888,Reeder,3,16,6.08,4080.0,5,1349,8,0,0,0
889,Reeder,4,64,6.26,3800.0,5,1598,8,0,0,0
890,iPhone,4,128,6.1,3110.0,12,12199,12,12,0,0
891,Samsung,6,128,6.5,4500.0,32,6849,12,12,8,0
892,Poco,8,256,6.67,5160.0,20,5999,48,8,2,2
893,Poco,6,128,6.67,5160.0,20,5671,48,8,2,2
894,Samsung,6,128,6.4,5000.0,20,4663,64,8,2,2
895,iPhone,4,64,6.1,3110.0,12,11199,12,12,0,0
896,HTC,6,128,6.5,5000.0,25,3099,48,8,2,2
897,Samsung,8,128,6.2,4000.0,10,9114,12,76,0,0
898,iPhone,4,64,6.1,2815.0,12,15961,12,12,0,0
899,iPhone,4,128,6.1,3095.0,12,17817,12,12,0,0
900,iPhone,3,64,4.7,1821.0,7,7600,12,0,0,0
901,iPhone,4,64,5.4,2227.0,12,14993,12,12,0,0
902,Samsung,8,128,6.5,4500.0,32,5799,64,12,5,5
903,Realme,2,32,6.5,5000.0,5,2059,8,0,0,0
904,Reeder,6,128,6.5,5380.0,8,2249,13,0,0,0
905,Samsung,4,64,6.5,5000.0,8,2999,48,2,2,2
906,Samsung,4,128,6.5,5000.0,8,3249,48,2,2,2
907,Oppo,4,64,6.52,4230.0,8,2749,13,2,2,0
908,Oppo,8,128,6.4,4310.0,32,4655,48,8,2,2
909,Oppo,4,128,6.43,5000.0,16,3984,48,2,0,0
910,Samsung,8,128,6.7,5000.0,32,5349,64,13,5,0
911,Xiaomi,3,64,6.53,5000.0,5,2692,13,0,0,0
912,Reeder,3,16,6.08,4080.0,5,1349,8,0,0,0
913,Reeder,4,64,6.26,3800.0,5,1598,8,0,0,0
914,iPhone,4,128,6.1,3110.0,12,12199,12,12,0,0
915,Samsung,6,128,6.5,4500.0,32,6849,12,12,8,0
916,Poco,8,256,6.67,5160.0,20,5999,48,8,2,2
917,Poco,6,128,6.67,5160.0,20,5671,48,8,2,2
918,Samsung,6,128,6.4,5000.0,20,4663,64,8,2,2
919,iPhone,4,64,6.1,3110.0,12,11199,12,12,0,0
920,HTC,6,128,6.5,5000.0,25,3099,48,8,2,2
921,Samsung,8,128,6.2,4000.0,10,9114,12,76,0,0
922,iPhone,4,64,6.1,2815.0,12,15961,12,12,0,0
923,iPhone,4,128,6.1,3095.0,12,17817,12,12,0,0
924,iPhone,3,64,4.7,1821.0,7,7600,12,0,0,0
925,iPhone,4,64,5.4,2227.0,12,14993,12,12,0,0
926,Samsung,8,128,6.5,4500.0,32,5799,64,12,5,5
927,Realme,2,32,6.5,5000.0,5,2059,8,0,0,0
928,Reeder,6,128,6.5,5380.0,8,2249,13,0,0,0
929,Samsung,4,64,6.5,5000.0,8,2999,48,2,2,2
930,Samsung,4,128,6.5,5000.0,8,3249,48,2,2,2
931,Oppo,4,64,6.52,4230.0,8,2749,13,2,2,0
932,Oppo,8,128,6.4,4310.0,32,4655,48,8,2,2
933,Oppo,4,128,6.43,5000.0,16,3984,48,2,0,0
934,Samsung,8,128,6.7,5000.0,32,5349,64,13,5,0
935,Xiaomi,3,64,6.53,5000.0,5,2692,13,0,0,0
936,Reeder,3,16,6.08,4080.0,5,1349,8,0,0,0
937,Reeder,4,64,6.26,3800.0,5,1598,8,0,0,0
938,iPhone,4,128,6.1,3110.0,12,12199,12,12,0,0
939,Samsung,6,128,6.5,4500.0,32,6849,12,12,8,0
940,Poco,8,256,6.67,5160.0,20,5999,48,8,2,2
941,Poco,6,128,6.67,5160.0,20,5671,48,8,2,2
942,Samsung,6,128,6.4,5000.0,20,4663,64,8,2,2
943,iPhone,4,64,6.1,3110.0,12,11199,12,12,0,0
944,HTC,6,128,6.5,5000.0,25,3099,48,8,2,2
945,Samsung,8,128,6.2,4000.0,10,9114,12,76,0,0
946,iPhone,4,64,6.1,2815.0,12,15961,12,12,0,0
947,iPhone,4,128,6.1,3095.0,12,17817,12,12,0,0
948,iPhone,3,64,4.7,1821.0,7,7600,12,0,0,0
949,iPhone,4,64,5.4,2227.0,12,14993,12,12,0,0
950,Samsung,8,128,6.5,4500.0,32,5799,64,12,5,5
951,Realme,2,32,6.5,5000.0,5,2059,8,0,0,0
952,Reeder,6,128,6.5,5380.0,8,2249,13,0,0,0
953,Samsung,4,64,6.5,5000.0,8,2999,48,2,2,2
954,Samsung,4,128,6.5,5000.0,8,3249,48,2,2,2
955,Oppo,4,64,6.52,4230.0,8,2749,13,2,2,0
956,Oppo,8,128,6.4,4310.0,32,4655,48,8,2,2
957,Oppo,4,128,6.43,5000.0,16,3984,48,2,0,0
958,Samsung,8,128,6.7,5000.0,32,5349,64,13,5,0
959,Xiaomi,3,64,6.53,5000.0,5,2692,13,0,0,0
960,Reeder,3,16,6.08,4080.0,5,1349,8,0,0,0
961,Reeder,4,64,6.26,3800.0,5,1598,8,0,0,0
962,iPhone,4,128,6.1,3110.0,12,12199,12,12,0,0
963,Samsung,6,128,6.5,4500.0,32,6849,12,12,8,0
964,Poco,8,256,6.67,5160.0,20,5999,48,8,2,2
965,Poco,6,128,6.67,5160.0,20,5671,48,8,2,2
966,Samsung,6,128,6.4,5000.0,20,4663,64,8,2,2
967,iPhone,4,64,6.1,3110.0,12,11199,12,12,0,0
968,HTC,6,128,6.5,5000.0,25,3099,48,8,2,2
969,Samsung,8,128,6.2,4000.0,10,9114,12,76,0,0
970,iPhone,4,64,6.1,2815.0,12,15961,12,12,0,0
971,iPhone,4,128,6.1,3095.0,12,17817,12,12,0,0
972,iPhone,3,64,4.7,1821.0,7,7600,12,0,0,0
973,iPhone,4,64,5.4,2227.0,12,14993,12,12,0,0
974,Samsung,8,128,6.5,4500.0,32,5799,64,12,5,5
975,Realme,2,32,6.5,5000.0,5,2059,8,0,0,0
976,Reeder,6,128,6.5,5380.0,8,2249,13,0,0,0
977,Samsung,4,64,6.5,5000.0,8,2999,48,2,2,2
978,Samsung,4,128,6.5,5000.0,8,3249,48,2,2,2
979,Oppo,4,64,6.52,4230.0,8,2749,13,2,2,0
980,Oppo,8,128,6.4,4310.0,32,4655,48,8,2,2
981,Oppo,4,128,6.43,5000.0,16,3984,48,2,0,0
982,Samsung,8,128,6.7,5000.0,32,5349,64,13,5,0
983,Xiaomi,3,64,6.53,5000.0,5,2692,13,0,0,0
984,Reeder,3,16,6.08,4080.0,5,1349,8,0,0,0
985,Reeder,4,64,6.26,3800.0,5,1598,8,0,0,0
986,iPhone,4,128,6.1,3110.0,12,12199,12,12,0,0
987,Samsung,6,128,6.5,4500.0,32,6849,12,12,8,0
988,Poco,8,256,6.67,5160.0,20,5999,48,8,2,2
989,Poco,6,128,6.67,5160.0,20,5671,48,8,2,2
990,Samsung,6,128,6.4,5000.0,20,4663,64,8,2,2
991,iPhone,4,64,6.1,3110.0,12,11199,12,12,0,0
992,HTC,6,128,6.5,5000.0,25,3099,48,8,2,2
993,Samsung,8,128,6.2,4000.0,10,9114,12,76,0,0
994,iPhone,4,64,6.1,2815.0,12,15961,12,12,0,0
995,iPhone,4,128,6.1,3095.0,12,17817,12,12,0,0
996,iPhone,3,64,4.7,1821.0,7,7600,12,0,0,0
997,iPhone,4,64,5.4,2227.0,12,14993,12,12,0,0
998,Samsung,8,128,6.5,4500.0,32,5799,64,12,5,5
999,Realme,2,32,6.5,5000.0,5,2059,8,0,0,0
1000,Reeder,6,128,6.5,5380.0,8,2249,13,0,0,0
1001,Samsung,4,64,6.5,5000.0,8,2999,48,2,2,2
1002,Samsung,4,128,6.5,5000.0,8,3249,48,2,2,2
1003,Oppo,4,64,6.52,4230.0,8,2749,13,2,2,0
1004,Oppo,8,128,6.4,4310.0,32,4655,48,8,2,2
1005,Oppo,4,128,6.43,5000.0,16,3984,48,2,0,0
1006,Samsung,8,128,6.7,5000.0,32,5349,64,13,5,0
1007,Xiaomi,3,64,6.53,5000.0,5,2692,13,0,0,0
1008,Reeder,3,16,6.08,4080.0,5,1349,8,0,0,0
1009,Reeder,4,64,6.26,3800.0,5,1598,8,0,0,0
1010,iPhone,4,128,6.1,3110.0,12,12199,12,12,0,0
1011,Samsung,6,128,6.5,4500.0,32,6849,12,12,8,0
1012,Poco,8,256,6.67,5160.0,20,5999,48,8,2,2
1013,Poco,6,128,6.67,5160.0,20,5671,48,8,2,2
1014,Samsung,6,128,6.4,5000.0,20,4663,64,8,2,2
1015,iPhone,4,64,6.1,3110.0,12,11199,12,12,0,0
1016,HTC,6,128,6.5,5000.0,25,3099,48,8,2,2
1017,Samsung,8,128,6.2,4000.0,10,9114,12,76,0,0
1018,iPhone,4,64,6.1,2815.0,12,15961,12,12,0,0
1019,iPhone,4,128,6.1,3095.0,12,17817,12,12,0,0
1020,iPhone,3,64,4.7,1821.0,7,7600,12,0,0,0
1021,iPhone,4,64,5.4,2227.0,12,14993,12,12,0,0
1022,Samsung,8,128,6.5,4500.0,32,5799,64,12,5,5
1023,Realme,2,32,6.5,5000.0,5,2059,8,0,0,0
1024,Reeder,6,128,6.5,5380.0,8,2249,13,0,0,0
1025,Samsung,4,64,6.5,5000.0,8,2999,48,2,2,2
1026,Samsung,4,128,6.5,5000.0,8,3249,48,2,2,2
1027,Oppo,4,64,6.52,4230.0,8,2749,13,2,2,0
1028,Oppo,8,128,6.4,4310.0,32,4655,48,8,2,2
1029,Oppo,4,128,6.43,5000.0,16,3984,48,2,0,0
1030,Samsung,8,128,6.7,5000.0,32,5349,64,13,5,0
1031,Xiaomi,3,64,6.53,5000.0,5,2692,13,0,0,0
1032,Reeder,3,16,6.08,4080.0,5,1349,8,0,0,0
1033,Reeder,4,64,6.26,3800.0,5,1598,8,0,0,0
1034,iPhone,4,128,6.1,3110.0,12,12199,12,12,0,0
1035,Samsung,6,128,6.5,4500.0,32,6849,12,12,8,0
1036,Poco,8,256,6.67,5160.0,20,5999,48,8,2,2
1037,Poco,6,128,6.67,5160.0,20,5671,48,8,2,2
1038,Samsung,6,128,6.4,5000.0,20,4663,64,8,2,2
1039,iPhone,4,64,6.1,3110.0,12,11199,12,12,0,0
1040,HTC,6,128,6.5,5000.0,25,3099,48,8,2,2
1041,Samsung,8,128,6.2,4000.0,10,9114,12,76,0,0
1042,iPhone,4,64,6.1,2815.0,12,15961,12,12,0,0
1043,iPhone,4,128,6.1,3095.0,12,17817,12,12,0,0
1044,iPhone,3,64,4.7,1821.0,7,7600,12,0,0,0
1045,iPhone,4,64,5.4,2227.0,12,14993,12,12,0,0
1046,Samsung,8,128,6.5,4500.0,32,5799,64,12,5,5
1047,Realme,2,32,6.5,5000.0,5,2059,8,0,0,0
1048,Reeder,6,128,6.5,5380.0,8,2249,13,0,0,0
1049,Samsung,4,64,6.5,5000.0,8,2999,48,2,2,2
1050,Samsung,4,128,6.5,5000.0,8,3249,48,2,2,2
1051,Oppo,4,64,6.52,4230.0,8,2749,13,2,2,0
1052,Oppo,8,128,6.4,4310.0,32,4655,48,8,2,2
1053,Oppo,4,128,6.43,5000.0,16,3984,48,2,0,0
1054,Samsung,8,128,6.7,5000.0,32,5349,64,13,5,0
1055,Xiaomi,3,64,6.53,5000.0,5,2692,13,0,0,0
1056,Reeder,3,16,6.08,4080.0,5,1349,8,0,0,0
1057,Reeder,4,64,6.26,3800.0,5,1598,8,0,0,0
1058,iPhone,4,128,6.1,3110.0,12,12199,12,12,0,0
1059,Samsung,6,128,6.5,4500.0,32,6849,12,12,8,0
1060,Poco,8,256,6.67,5160.0,20,5999,48,8,2,2
1061,Poco,6,128,6.67,5160.0,20,5671,48,8,2,2
1062,Samsung,6,128,6.4,5000.0,20,4663,64,8,2,2
1063,iPhone,4,64,6.1,3110.0,12,11199,12,12,0,0
1064,HTC,6,128,6.5,5000.0,25,3099,48,8,2,2
1065,Samsung,8,128,6.2,4000.0,10,9114,12,76,0,0
1066,iPhone,4,64,6.1,2815.0,12,15961,12,12,0,0
1067,iPhone,4,128,6.1,3095.0,12,17817,12,12,0,0
1068,iPhone,3,64,4.7,1821.0,7,7600,12,0,0,0
1069,iPhone,4,64,5.4,2227.0,12,14993,12,12,0,0
1070,Samsung,8,128,6.5,4500.0,32,5799,64,12,5,5
1071,Realme,2,32,6.5,5000.0,5,2059,8,0,0,0
1072,Reeder,6,128,6.5,5380.0,8,2249,13,0,0,0
1073,Samsung,4,64,6.5,5000.0,8,2999,48,2,2,2
1074,Samsung,4,128,6.5,5000.0,8,3249,48,2,2,2
1075,Oppo,4,64,6.52,4230.0,8,2749,13,2,2,0
1076,Oppo,8,128,6.4,4310.0,32,4655,48,8,2,2
1077,Oppo,4,128,6.43,5000.0,16,3984,48,2,0,0
1078,Samsung,8,128,6.7,5000.0,32,5349,64,13,5,0
1079,Xiaomi,3,64,6.53,5000.0,5,2692,13,0,0,0
1080,Reeder,3,16,6.08,4080.0,5,1349,8,0,0,0
1081,Reeder,4,64,6.26,3800.0,5,1598,8,0,0,0
1082,iPhone,4,128,6.1,3110.0,12,12199,12,12,0,0
1083,Samsung,6,128,6.5,4500.0,32,6849,12,12,8,0
1084,Poco,8,256,6.67,5160.0,20,5999,48,8,2,2
1085,Poco,6,128,6.67,5160.0,20,5671,48,8,2,2
1086,Samsung,6,128,6.4,5000.0,20,4663,64,8,2,2
1087,iPhone,4,64,6.1,3110.0,12,11199,12,12,0,0
1088,HTC,6,128,6.5,5000.0,25,3099,48,8,2,2
1089,Samsung,8,128,6.2,4000.0,10,9114,12,76,0,0
1090,iPhone,4,64,6.1,2815.0,12,15961,12,12,0,0
1091,iPhone,4,128,6.1,3095.0,12,17817,12,12,0,0
1092,iPhone,3,64,4.7,1821.0,7,7600,12,0,0,0
1093,iPhone,4,64,5.4,2227.0,12,14993,12,12,0,0
1094,Samsung,8,128,6.5,4500.0,32,5799,64,12,5,5
1095,Realme,2,32,6.5,5000.0,5,2059,8,0,0,0
1096,Reeder,6,128,6.5,5380.0,8,2249,13,0,0,0
1097,Samsung,4,64,6.5,5000.0,8,2999,48,2,2,2
1098,Samsung,4,128,6.5,5000.0,8,3249,48,2,2,2
1099,Oppo,4,64,6.52,4230.0,8,2749,13,2,2,0
1100,Oppo,8,128,6.4,4310.0,32,4655,48,8,2,2
1101,Oppo,4,128,6.43,5000.0,16,3984,48,2,0,0
1102,Samsung,8,128,6.7,5000.0,32,5349,64,13,5,0
1103,Xiaomi,3,64,6.53,5000.0,5,2692,13,0,0,0
1104,Reeder,3,16,6.08,4080.0,5,1349,8,0,0,0
1105,Reeder,4,64,6.26,3800.0,5,1598,8,0,0,0
1106,iPhone,4,128,6.1,3110.0,12,12199,12,12,0,0
1107,Samsung,6,128,6.5,4500.0,32,6849,12,12,8,0
1108,Poco,8,256,6.67,5160.0,20,5999,48,8,2,2
1109,Poco,6,128,6.67,5160.0,20,5671,48,8,2,2
1110,Samsung,6,128,6.4,5000.0,20,4663,64,8,2,2
1111,iPhone,4,64,6.1,3110.0,12,11199,12,12,0,0
1112,HTC,6,128,6.5,5000.0,25,3099,48,8,2,2
1113,Samsung,8,128,6.2,4000.0,10,9114,12,76,0,0
1114,iPhone,4,64,6.1,2815.0,12,15961,12,12,0,0
1115,iPhone,4,128,6.1,3095.0,12,17817,12,12,0,0
1116,iPhone,3,64,4.7,1821.0,7,7600,12,0,0,0
1117,iPhone,4,64,5.4,2227.0,12,14993,12,12,0,0
1118,Samsung,8,128,6.5,4500.0,32,5799,64,12,5,5
1119,Realme,2,32,6.5,5000.0,5,2059,8,0,0,0
1120,Reeder,6,128,6.5,5380.0,8,2249,13,0,0,0
1121,Samsung,4,64,6.5,5000.0,8,2999,48,2,2,2
1122,Samsung,4,128,6.5,5000.0,8,3249,48,2,2,2
1123,Oppo,4,64,6.52,4230.0,8,2749,13,2,2,0
1124,Oppo,8,128,6.4,4310.0,32,4655,48,8,2,2
1125,Oppo,4,128,6.43,5000.0,16,3984,48,2,0,0
1126,Samsung,8,128,6.7,5000.0,32,5349,64,13,5,0
1127,Xiaomi,3,64,6.53,5000.0,5,2692,13,0,0,0
1128,Reeder,3,16,6.08,4080.0,5,1349,8,0,0,0
1129,Reeder,4,64,6.26,3800.0,5,1598,8,0,0,0
1130,iPhone,4,128,6.1,3110.0,12,12199,12,12,0,0
1131,Samsung,6,128,6.5,4500.0,32,6849,12,12,8,0
1132,Poco,8,256,6.67,5160.0,20,5999,48,8,2,2
1133,Poco,6,128,6.67,5160.0,20,5671,48,8,2,2
1134,Samsung,6,128,6.4,5000.0,20,4663,64,8,2,2
1135,iPhone,4,64,6.1,3110.0,12,11199,12,12,0,0
1136,HTC,6,128,6.5,5000.0,25,3099,48,8,2,2
1137,Samsung,8,128,6.2,4000.0,10,9114,12,76,0,0
1138,iPhone,4,64,6.1,2815.0,12,15961,12,12,0,0
1139,iPhone,4,128,6.1,3095.0,12,17817,12,12,0,0
1140,iPhone,3,64,4.7,1821.0,7,7600,12,0,0,0
1141,iPhone,4,64,5.4,2227.0,12,14993,12,12,0,0
1142,Samsung,8,128,6.5,4500.0,32,5799,64,12,5,5
1143,Realme,2,32,6.5,5000.0,5,2059,8,0,0,0
1144,Reeder,6,128,6.5,5380.0,8,2249,13,0,0,0
1145,Samsung,4,64,6.5,5000.0,8,2999,48,2,2,2
1146,Samsung,4,128,6.5,5000.0,8,3249,48,2,2,2
1147,Oppo,4,64,6.52,4230.0,8,2749,13,2,2,0
1148,Oppo,8,128,6.4,4310.0,32,4655,48,8,2,2
1149,Oppo,4,128,6.43,5000.0,16,3984,48,2,0,0
1150,Samsung,8,128,6.7,5000.0,32,5349,64,13,5,0
1151,Xiaomi,3,64,6.53,5000.0,5,2692,13,0,0,0
1152,Reeder,3,16,6.08,4080.0,5,1349,8,0,0,0
1153,Reeder,4,64,6.26,3800.0,5,1598,8,0,0,0
1154,iPhone,4,128,6.1,3110.0,12,12199,12,12,0,0
1155,Samsung,6,128,6.5,4500.0,32,6849,12,12,8,0
1156,Poco,8,256,6.67,5160.0,20,5999,48,8,2,2
1157,Poco,6,128,6.67,5160.0,20,5671,48,8,2,2
1158,Samsung,6,128,6.4,5000.0,20,4663,64,8,2,2
1159,iPhone,4,64,6.1,3110.0,12,11199,12,12,0,0
1160,HTC,6,128,6.5,5000.0,25,3099,48,8,2,2
1161,Samsung,8,128,6.2,4000.0,10,9114,12,76,0,0
1162,iPhone,4,64,6.1,2815.0,12,15961,12,12,0,0
1163,iPhone,4,128,6.1,3095.0,12,17817,12,12,0,0
1164,iPhone,3,64,4.7,1821.0,7,7600,12,0,0,0
1165,iPhone,4,64,5.4,2227.0,12,14993,12,12,0,0
1166,Samsung,8,128,6.5,4500.0,32,5799,64,12,5,5
1167,Realme,2,32,6.5,5000.0,5,2059,8,0,0,0
1168,Reeder,6,128,6.5,5380.0,8,2249,13,0,0,0
1169,Samsung,4,64,6.5,5000.0,8,2999,48,2,2,2
1170,Samsung,4,128,6.5,5000.0,8,3249,48,2,2,2
1171,Oppo,4,64,6.52,4230.0,8,2749,13,2,2,0
1172,Oppo,8,128,6.4,4310.0,32,4655,48,8,2,2
1173,Oppo,4,128,6.43,5000.0,16,3984,48,2,0,0
1174,Samsung,8,128,6.7,5000.0,32,5349,64,13,5,0
1175,Xiaomi,3,64,6.53,5000.0,5,2692,13,0,0,0
1176,Reeder,3,16,6.08,4080.0,5,1349,8,0,0,0
1177,Reeder,4,64,6.26,3800.0,5,1598,8,0,0,0
1178,iPhone,4,128,6.1,3110.0,12,12199,12,12,0,0
1179,Samsung,6,128,6.5,4500.0,32,6849,12,12,8,0
1180,Poco,8,256,6.67,5160.0,20,5999,48,8,2,2
1181,Poco,6,128,6.67,5160.0,20,5671,48,8,2,2
1182,Samsung,6,128,6.4,5000.0,20,4663,64,8,2,2
1183,iPhone,4,64,6.1,3110.0,12,11199,12,12,0,0
1184,HTC,6,128,6.5,5000.0,25,3099,48,8,2,2
1185,Samsung,8,128,6.2,4000.0,10,9114,12,76,0,0
1186,iPhone,4,64,6.1,2815.0,12,15961,12,12,0,0
1187,iPhone,4,128,6.1,3095.0,12,17817,12,12,0,0
1188,iPhone,3,64,4.7,1821.0,7,7600,12,0,0,0
1189,iPhone,4,64,5.4,2227.0,12,14993,12,12,0,0
1190,Samsung,8,128,6.5,4500.0,32,5799,64,12,5,5
1191,Realme,2,32,6.5,5000.0,5,2059,8,0,0,0
1192,Reeder,6,128,6.5,5380.0,8,2249,13,0,0,0
